
USE Smart_School_DB;

INSERT INTO Teachers 
(Teacher_id,First_name,Last_name,Subject,Email,Phone,Hire_date,Salary)
VALUES
(1,'Ali','Khan','Mathematics','ali.khan@school.com','03000000001','2020-01-10',80000),
(2,'Sara','Ahmed','English','sara.ahmed@school.com','03000000002','2019-03-15',82000),
(3,'Bilal','Iqbal','Physics','bilal.iqbal@school.com','03000000003','2021-08-01',78000),
(4,'Ayesha','Malik','Chemistry','ayesha.malik@school.com','03000000004','2018-09-12',85000),
(5,'Usman','Raza','Computer','usman.raza@school.com','03000000005','2022-02-20',76000),
(6,'Hina','Shah','Biology','hina.shah@school.com','03000000006','2020-11-11',79000),
(7,'Omar','Saeed','History','omar.saeed@school.com','03000000007','2017-06-06',83000),
(8,'Noor','Ali','Geography','noor.ali@school.com','03000000008','2021-01-18',77000),
(9,'Zain','Qureshi','Urdu','zain.q@school.com','03000000009','2019-07-22',81000),
(10,'Fatima','Aslam','Islamiyat','fatima.a@school.com','03000000010','2016-04-30',86000);



INSERT INTO Classes 
VALUES
(1,'Grade 8','A',1),(2,'Grade 8','B',2),
(3,'Grade 9','A',3),(4,'Grade 9','B',4),
(5,'Grade 10','A',5),(6,'Grade 10','B',6),
(7,'Grade 11','A',7),(8,'Grade 11','B',8);

INSERT INTO Subjects VALUES
(1,'Mathematics',1),(2,'English',2),(3,'Physics',3),
(4,'Chemistry',4),(5,'Computer Science',5),(6,'Biology',6);

INSERT INTO Students
(Student_id, First_name, Last_name, Gender, Date_of_birth,Email, Phone, Address, Admission_date, Class_id)
VALUES
(1,'Student1','L1','M','2009-01-02','student1@mail.com','03110000001','City','2024-04-01',1),
(2,'Student2','L2','M','2009-01-03','student2@mail.com','03110000002','City','2024-04-01',1),
(3,'Student3','L3','M','2009-01-04','student3@mail.com','03110000003','City','2024-04-01',1),
(4,'Student4','L4','M','2009-01-05','student4@mail.com','03110000004','City','2024-04-01',1),
(5,'Student5','L5','M','2009-01-06','student5@mail.com','03110000005','City','2024-04-01',1),
(6,'Student6','L6','M','2009-01-07','student6@mail.com','03110000006','City','2024-04-01',1),
(7,'Student7','L7','M','2009-01-02','student7@mail.com','03110000007','City','2024-04-01',2),
(8,'Student8','L8','M','2009-01-03','student8@mail.com','03110000008','City','2024-04-01',2),
(9,'Student9','L9','M','2009-01-04','student9@mail.com','03110000009','City','2024-04-01',2),
(10,'Student10','L10','M','2009-01-05','student10@mail.com','03110000010','City','2024-04-01',2),
(11,'Student11','L11','M','2009-01-06','student11@mail.com','03110000011','City','2024-04-01',2),
(12,'Student12','L12','M','2009-01-07','student12@mail.com','03110000012','City','2024-04-01',2),
(13,'Student13','L13','M','2009-01-02','student13@mail.com','03110000013','City','2024-04-01',3),
(14,'Student14','L14','M','2009-01-03','student14@mail.com','03110000014','City','2024-04-01',3),
(15,'Student15','L15','M','2009-01-04','student15@mail.com','03110000015','City','2024-04-01',3),
(16,'Student16','L16','M','2009-01-05','student16@mail.com','03110000016','City','2024-04-01',3),
(17,'Student17','L17','M','2009-01-06','student17@mail.com','03110000017','City','2024-04-01',3),
(18,'Student18','L18','M','2009-01-07','student18@mail.com','03110000018','City','2024-04-01',3),
(19,'Student19','L19','M','2009-01-02','student19@mail.com','03110000019','City','2024-04-01',4),
(20,'Student20','L20','M','2009-01-03','student20@mail.com','03110000020','City','2024-04-01',4),
(21,'Student21','L21','M','2009-01-04','student21@mail.com','03110000021','City','2024-04-01',4),
(22,'Student22','L22','M','2009-01-05','student22@mail.com','03110000022','City','2024-04-01',4),
(23,'Student23','L23','M','2009-01-06','student23@mail.com','03110000023','City','2024-04-01',4),
(24,'Student24','L24','M','2009-01-07','student24@mail.com','03110000024','City','2024-04-01',4),
(25,'Student25','L25','M','2009-01-02','student25@mail.com','03110000025','City','2024-04-01',5),
(26,'Student26','L26','M','2009-01-03','student26@mail.com','03110000026','City','2024-04-01',5),
(27,'Student27','L27','M','2009-01-04','student27@mail.com','03110000027','City','2024-04-01',5),
(28,'Student28','L28','M','2009-01-05','student28@mail.com','03110000028','City','2024-04-01',5),
(29,'Student29','L29','M','2009-01-06','student29@mail.com','03110000029','City','2024-04-01',5),
(30,'Student30','L30','M','2009-01-07','student30@mail.com','03110000030','City','2024-04-01',5),
(31,'Student31','L31','M','2009-01-02','student31@mail.com','03110000031','City','2024-04-01',6),
(32,'Student32','L32','M','2009-01-03','student32@mail.com','03110000032','City','2024-04-01',6),
(33,'Student33','L33','M','2009-01-04','student33@mail.com','03110000033','City','2024-04-01',6),
(34,'Student34','L34','M','2009-01-05','student34@mail.com','03110000034','City','2024-04-01',6),
(35,'Student35','L35','M','2009-01-06','student35@mail.com','03110000035','City','2024-04-01',6),
(36,'Student36','L36','M','2009-01-07','student36@mail.com','03110000036','City','2024-04-01',6),
(37,'Student37','L37','M','2009-01-02','student37@mail.com','03110000037','City','2024-04-01',7),
(38,'Student38','L38','M','2009-01-03','student38@mail.com','03110000038','City','2024-04-01',7),
(39,'Student39','L39','M','2009-01-04','student39@mail.com','03110000039','City','2024-04-01',7),
(40,'Student40','L40','M','2009-01-05','student40@mail.com','03110000040','City','2024-04-01',7),
(41,'Student41','L41','M','2009-01-06','student41@mail.com','03110000041','City','2024-04-01',7),
(42,'Student42','L42','M','2009-01-07','student42@mail.com','03110000042','City','2024-04-01',7),
(43,'Student43','L43','M','2009-01-02','student43@mail.com','03110000043','City','2024-04-01',8),
(44,'Student44','L44','M','2009-01-03','student44@mail.com','03110000044','City','2024-04-01',8),
(45,'Student45','L45','M','2009-01-04','student45@mail.com','03110000045','City','2024-04-01',8),
(46,'Student46','L46','M','2009-01-05','student46@mail.com','03110000046','City','2024-04-01',8),
(47,'Student47','L47','M','2009-01-06','student47@mail.com','03110000047','City','2024-04-01',8),
(48,'Student48','L48','M','2009-01-07','student48@mail.com','03110000048','City','2024-04-01',8);

INSERT INTO Enrollments VALUES
(1,1,1,1,2026),
(2,1,2,1,2026),
(3,1,3,1,2026),
(4,1,4,1,2026),
(5,1,5,1,2026),
(6,1,6,1,2026),
(7,2,1,1,2026),
(8,2,2,1,2026),
(9,2,3,1,2026),
(10,2,4,1,2026),
(11,2,5,1,2026),
(12,2,6,1,2026),
(13,3,1,1,2026),
(14,3,2,1,2026),
(15,3,3,1,2026),
(16,3,4,1,2026),
(17,3,5,1,2026),
(18,3,6,1,2026),
(19,4,1,1,2026),
(20,4,2,1,2026),
(21,4,3,1,2026),
(22,4,4,1,2026),
(23,4,5,1,2026),
(24,4,6,1,2026),
(25,5,1,1,2026),
(26,5,2,1,2026),
(27,5,3,1,2026),
(28,5,4,1,2026),
(29,5,5,1,2026),
(30,5,6,1,2026),
(31,6,1,1,2026),
(32,6,2,1,2026),
(33,6,3,1,2026),
(34,6,4,1,2026),
(35,6,5,1,2026),
(36,6,6,1,2026),
(37,7,1,1,2026),
(38,7,2,1,2026),
(39,7,3,1,2026),
(40,7,4,1,2026),
(41,7,5,1,2026),
(42,7,6,1,2026),
(43,8,1,1,2026),
(44,8,2,1,2026),
(45,8,3,1,2026),
(46,8,4,1,2026),
(47,8,5,1,2026),
(48,8,6,1,2026),
(49,9,1,1,2026),
(50,9,2,1,2026),
(51,9,3,1,2026),
(52,9,4,1,2026),
(53,9,5,1,2026),
(54,9,6,1,2026),
(55,10,1,1,2026),
(56,10,2,1,2026),
(57,10,3,1,2026),
(58,10,4,1,2026),
(59,10,5,1,2026),
(60,10,6,1,2026),
(61,11,1,1,2026),
(62,11,2,1,2026),
(63,11,3,1,2026),
(64,11,4,1,2026),
(65,11,5,1,2026),
(66,11,6,1,2026),
(67,12,1,1,2026),
(68,12,2,1,2026),
(69,12,3,1,2026),
(70,12,4,1,2026),
(71,12,5,1,2026),
(72,12,6,1,2026),
(73,13,1,1,2026),
(74,13,2,1,2026),
(75,13,3,1,2026),
(76,13,4,1,2026),
(77,13,5,1,2026),
(78,13,6,1,2026),
(79,14,1,1,2026),
(80,14,2,1,2026),
(81,14,3,1,2026),
(82,14,4,1,2026),
(83,14,5,1,2026),
(84,14,6,1,2026),
(85,15,1,1,2026),
(86,15,2,1,2026),
(87,15,3,1,2026),
(88,15,4,1,2026),
(89,15,5,1,2026),
(90,15,6,1,2026),
(91,16,1,1,2026),
(92,16,2,1,2026),
(93,16,3,1,2026),
(94,16,4,1,2026),
(95,16,5,1,2026),
(96,16,6,1,2026),
(97,17,1,1,2026),
(98,17,2,1,2026),
(99,17,3,1,2026),
(100,17,4,1,2026),
(101,17,5,1,2026),
(102,17,6,1,2026),
(103,18,1,1,2026),
(104,18,2,1,2026),
(105,18,3,1,2026),
(106,18,4,1,2026),
(107,18,5,1,2026),
(108,18,6,1,2026),
(109,19,1,1,2026),
(110,19,2,1,2026),
(111,19,3,1,2026),
(112,19,4,1,2026),
(113,19,5,1,2026),
(114,19,6,1,2026),
(115,20,1,1,2026),
(116,20,2,1,2026),
(117,20,3,1,2026),
(118,20,4,1,2026),
(119,20,5,1,2026),
(120,20,6,1,2026),
(121,21,1,1,2026),
(122,21,2,1,2026),
(123,21,3,1,2026),
(124,21,4,1,2026),
(125,21,5,1,2026),
(126,21,6,1,2026),
(127,22,1,1,2026),
(128,22,2,1,2026),
(129,22,3,1,2026),
(130,22,4,1,2026),
(131,22,5,1,2026),
(132,22,6,1,2026),
(133,23,1,1,2026),
(134,23,2,1,2026),
(135,23,3,1,2026),
(136,23,4,1,2026),
(137,23,5,1,2026),
(138,23,6,1,2026),
(139,24,1,1,2026),
(140,24,2,1,2026),
(141,24,3,1,2026),
(142,24,4,1,2026),
(143,24,5,1,2026),
(144,24,6,1,2026),
(145,25,1,1,2026),
(146,25,2,1,2026),
(147,25,3,1,2026),
(148,25,4,1,2026),
(149,25,5,1,2026),
(150,25,6,1,2026),
(151,26,1,1,2026),
(152,26,2,1,2026),
(153,26,3,1,2026),
(154,26,4,1,2026),
(155,26,5,1,2026),
(156,26,6,1,2026),
(157,27,1,1,2026),
(158,27,2,1,2026),
(159,27,3,1,2026),
(160,27,4,1,2026),
(161,27,5,1,2026),
(162,27,6,1,2026),
(163,28,1,1,2026),
(164,28,2,1,2026),
(165,28,3,1,2026),
(166,28,4,1,2026),
(167,28,5,1,2026),
(168,28,6,1,2026),
(169,29,1,1,2026),
(170,29,2,1,2026),
(171,29,3,1,2026),
(172,29,4,1,2026),
(173,29,5,1,2026),
(174,29,6,1,2026),
(175,30,1,1,2026),
(176,30,2,1,2026),
(177,30,3,1,2026),
(178,30,4,1,2026),
(179,30,5,1,2026),
(180,30,6,1,2026),
(181,31,1,1,2026),
(182,31,2,1,2026),
(183,31,3,1,2026),
(184,31,4,1,2026),
(185,31,5,1,2026),
(186,31,6,1,2026),
(187,32,1,1,2026),
(188,32,2,1,2026),
(189,32,3,1,2026),
(190,32,4,1,2026),
(191,32,5,1,2026),
(192,32,6,1,2026),
(193,33,1,1,2026),
(194,33,2,1,2026),
(195,33,3,1,2026),
(196,33,4,1,2026),
(197,33,5,1,2026),
(198,33,6,1,2026),
(199,34,1,1,2026),
(200,34,2,1,2026),
(201,34,3,1,2026),
(202,34,4,1,2026),
(203,34,5,1,2026),
(204,34,6,1,2026),
(205,35,1,1,2026),
(206,35,2,1,2026),
(207,35,3,1,2026),
(208,35,4,1,2026),
(209,35,5,1,2026),
(210,35,6,1,2026),
(211,36,1,1,2026),
(212,36,2,1,2026),
(213,36,3,1,2026),
(214,36,4,1,2026),
(215,36,5,1,2026),
(216,36,6,1,2026),
(217,37,1,1,2026),
(218,37,2,1,2026),
(219,37,3,1,2026),
(220,37,4,1,2026),
(221,37,5,1,2026),
(222,37,6,1,2026),
(223,38,1,1,2026),
(224,38,2,1,2026),
(225,38,3,1,2026),
(226,38,4,1,2026),
(227,38,5,1,2026),
(228,38,6,1,2026),
(229,39,1,1,2026),
(230,39,2,1,2026),
(231,39,3,1,2026),
(232,39,4,1,2026),
(233,39,5,1,2026),
(234,39,6,1,2026),
(235,40,1,1,2026),
(236,40,2,1,2026),
(237,40,3,1,2026),
(238,40,4,1,2026),
(239,40,5,1,2026),
(240,40,6,1,2026),
(241,41,1,1,2026),
(242,41,2,1,2026),
(243,41,3,1,2026),
(244,41,4,1,2026),
(245,41,5,1,2026),
(246,41,6,1,2026),
(247,42,1,1,2026),
(248,42,2,1,2026),
(249,42,3,1,2026),
(250,42,4,1,2026),
(251,42,5,1,2026),
(252,42,6,1,2026),
(253,43,1,1,2026),
(254,43,2,1,2026),
(255,43,3,1,2026),
(256,43,4,1,2026),
(257,43,5,1,2026),
(258,43,6,1,2026),
(259,44,1,1,2026),
(260,44,2,1,2026),
(261,44,3,1,2026),
(262,44,4,1,2026),
(263,44,5,1,2026),
(264,44,6,1,2026),
(265,45,1,1,2026),
(266,45,2,1,2026),
(267,45,3,1,2026),
(268,45,4,1,2026),
(269,45,5,1,2026),
(270,45,6,1,2026),
(271,46,1,1,2026),
(272,46,2,1,2026),
(273,46,3,1,2026),
(274,46,4,1,2026),
(275,46,5,1,2026),
(276,46,6,1,2026),
(277,47,1,1,2026),
(278,47,2,1,2026),
(279,47,3,1,2026),
(280,47,4,1,2026),
(281,47,5,1,2026),
(282,47,6,1,2026),
(283,48,1,1,2026),
(284,48,2,1,2026),
(285,48,3,1,2026),
(286,48,4,1,2026),
(287,48,5,1,2026),
(288,48,6,1,2026);

INSERT INTO Exams VALUES
(1,1,'Midterm',100,'2026-03-10'),
(2,1,'Final',100,'2026-06-10'),
(3,2,'Midterm',100,'2026-03-11'),
(4,2,'Final',100,'2026-06-11'),
(5,3,'Midterm',100,'2026-03-12'),
(6,3,'Final',100,'2026-06-12'),
(7,4,'Midterm',100,'2026-03-13'),
(8,4,'Final',100,'2026-06-13'),
(9,5,'Midterm',100,'2026-03-14'),
(10,5,'Final',100,'2026-06-14'),
(11,6,'Midterm',100,'2026-03-15'),
(12,6,'Final',100,'2026-06-15');

INSERT INTO Attendance(Student_id,Date,Status) VALUES
(1,'2026-01-01','P'),
(1,'2026-01-02','P'),
(1,'2026-01-03','P'),
(1,'2026-01-04','P'),
(1,'2026-01-05','A'),
(1,'2026-01-06','P'),
(1,'2026-01-07','P'),
(1,'2026-01-08','P'),
(1,'2026-01-09','P'),
(1,'2026-01-10','A'),
(2,'2026-01-01','P'),
(2,'2026-01-02','P'),
(2,'2026-01-03','P'),
(2,'2026-01-04','P'),
(2,'2026-01-05','A'),
(2,'2026-01-06','P'),
(2,'2026-01-07','P'),
(2,'2026-01-08','P'),
(2,'2026-01-09','P'),
(2,'2026-01-10','A'),
(3,'2026-01-01','P'),
(3,'2026-01-02','P'),
(3,'2026-01-03','P'),
(3,'2026-01-04','P'),
(3,'2026-01-05','A'),
(3,'2026-01-06','P'),
(3,'2026-01-07','P'),
(3,'2026-01-08','P'),
(3,'2026-01-09','P'),
(3,'2026-01-10','A'),
(4,'2026-01-01','P'),
(4,'2026-01-02','P'),
(4,'2026-01-03','P'),
(4,'2026-01-04','P'),
(4,'2026-01-05','A'),
(4,'2026-01-06','P'),
(4,'2026-01-07','P'),
(4,'2026-01-08','P'),
(4,'2026-01-09','P'),
(4,'2026-01-10','A'),
(5,'2026-01-01','P'),
(5,'2026-01-02','P'),
(5,'2026-01-03','P'),
(5,'2026-01-04','P'),
(5,'2026-01-05','A'),
(5,'2026-01-06','P'),
(5,'2026-01-07','P'),
(5,'2026-01-08','P'),
(5,'2026-01-09','P'),
(5,'2026-01-10','A'),
(6,'2026-01-01','P'),
(6,'2026-01-02','P'),
(6,'2026-01-03','P'),
(6,'2026-01-04','P'),
(6,'2026-01-05','A'),
(6,'2026-01-06','P'),
(6,'2026-01-07','P'),
(6,'2026-01-08','P'),
(6,'2026-01-09','P'),
(6,'2026-01-10','A'),
(7,'2026-01-01','P'),
(7,'2026-01-02','P'),
(7,'2026-01-03','P'),
(7,'2026-01-04','P'),
(7,'2026-01-05','A'),
(7,'2026-01-06','P'),
(7,'2026-01-07','P'),
(7,'2026-01-08','P'),
(7,'2026-01-09','P'),
(7,'2026-01-10','A'),
(8,'2026-01-01','P'),
(8,'2026-01-02','P'),
(8,'2026-01-03','P'),
(8,'2026-01-04','P'),
(8,'2026-01-05','A'),
(8,'2026-01-06','P'),
(8,'2026-01-07','P'),
(8,'2026-01-08','P'),
(8,'2026-01-09','P'),
(8,'2026-01-10','A'),
(9,'2026-01-01','P'),
(9,'2026-01-02','P'),
(9,'2026-01-03','P'),
(9,'2026-01-04','P'),
(9,'2026-01-05','A'),
(9,'2026-01-06','P'),
(9,'2026-01-07','P'),
(9,'2026-01-08','P'),
(9,'2026-01-09','P'),
(9,'2026-01-10','A'),
(10,'2026-01-01','P'),
(10,'2026-01-02','P'),
(10,'2026-01-03','P'),
(10,'2026-01-04','P'),
(10,'2026-01-05','A'),
(10,'2026-01-06','P'),
(10,'2026-01-07','P'),
(10,'2026-01-08','P'),
(10,'2026-01-09','P'),
(10,'2026-01-10','A'),
(11,'2026-01-01','P'),
(11,'2026-01-02','P'),
(11,'2026-01-03','P'),
(11,'2026-01-04','P'),
(11,'2026-01-05','A'),
(11,'2026-01-06','P'),
(11,'2026-01-07','P'),
(11,'2026-01-08','P'),
(11,'2026-01-09','P'),
(11,'2026-01-10','A'),
(12,'2026-01-01','P'),
(12,'2026-01-02','P'),
(12,'2026-01-03','P'),
(12,'2026-01-04','P'),
(12,'2026-01-05','A'),
(12,'2026-01-06','P'),
(12,'2026-01-07','P'),
(12,'2026-01-08','P'),
(12,'2026-01-09','P'),
(12,'2026-01-10','A'),
(13,'2026-01-01','P'),
(13,'2026-01-02','P'),
(13,'2026-01-03','P'),
(13,'2026-01-04','P'),
(13,'2026-01-05','A'),
(13,'2026-01-06','P'),
(13,'2026-01-07','P'),
(13,'2026-01-08','P'),
(13,'2026-01-09','P'),
(13,'2026-01-10','A'),
(14,'2026-01-01','P'),
(14,'2026-01-02','P'),
(14,'2026-01-03','P'),
(14,'2026-01-04','P'),
(14,'2026-01-05','A'),
(14,'2026-01-06','P'),
(14,'2026-01-07','P'),
(14,'2026-01-08','P'),
(14,'2026-01-09','P'),
(14,'2026-01-10','A'),
(15,'2026-01-01','P'),
(15,'2026-01-02','P'),
(15,'2026-01-03','P'),
(15,'2026-01-04','P'),
(15,'2026-01-05','A'),
(15,'2026-01-06','P'),
(15,'2026-01-07','P'),
(15,'2026-01-08','P'),
(15,'2026-01-09','P'),
(15,'2026-01-10','A'),
(16,'2026-01-01','P'),
(16,'2026-01-02','P'),
(16,'2026-01-03','P'),
(16,'2026-01-04','P'),
(16,'2026-01-05','A'),
(16,'2026-01-06','P'),
(16,'2026-01-07','P'),
(16,'2026-01-08','P'),
(16,'2026-01-09','P'),
(16,'2026-01-10','A'),
(17,'2026-01-01','P'),
(17,'2026-01-02','P'),
(17,'2026-01-03','P'),
(17,'2026-01-04','P'),
(17,'2026-01-05','A'),
(17,'2026-01-06','P'),
(17,'2026-01-07','P'),
(17,'2026-01-08','P'),
(17,'2026-01-09','P'),
(17,'2026-01-10','A'),
(18,'2026-01-01','P'),
(18,'2026-01-02','P'),
(18,'2026-01-03','P'),
(18,'2026-01-04','P'),
(18,'2026-01-05','A'),
(18,'2026-01-06','P'),
(18,'2026-01-07','P'),
(18,'2026-01-08','P'),
(18,'2026-01-09','P'),
(18,'2026-01-10','A'),
(19,'2026-01-01','P'),
(19,'2026-01-02','P'),
(19,'2026-01-03','P'),
(19,'2026-01-04','P'),
(19,'2026-01-05','A'),
(19,'2026-01-06','P'),
(19,'2026-01-07','P'),
(19,'2026-01-08','P'),
(19,'2026-01-09','P'),
(19,'2026-01-10','A'),
(20,'2026-01-01','P'),
(20,'2026-01-02','P'),
(20,'2026-01-03','P'),
(20,'2026-01-04','P'),
(20,'2026-01-05','A'),
(20,'2026-01-06','P'),
(20,'2026-01-07','P'),
(20,'2026-01-08','P'),
(20,'2026-01-09','P'),
(20,'2026-01-10','A'),
(21,'2026-01-01','P'),
(21,'2026-01-02','P'),
(21,'2026-01-03','P'),
(21,'2026-01-04','P'),
(21,'2026-01-05','A'),
(21,'2026-01-06','P'),
(21,'2026-01-07','P'),
(21,'2026-01-08','P'),
(21,'2026-01-09','P'),
(21,'2026-01-10','A'),
(22,'2026-01-01','P'),
(22,'2026-01-02','P'),
(22,'2026-01-03','P'),
(22,'2026-01-04','P'),
(22,'2026-01-05','A'),
(22,'2026-01-06','P'),
(22,'2026-01-07','P'),
(22,'2026-01-08','P'),
(22,'2026-01-09','P'),
(22,'2026-01-10','A'),
(23,'2026-01-01','P'),
(23,'2026-01-02','P'),
(23,'2026-01-03','P'),
(23,'2026-01-04','P'),
(23,'2026-01-05','A'),
(23,'2026-01-06','P'),
(23,'2026-01-07','P'),
(23,'2026-01-08','P'),
(23,'2026-01-09','P'),
(23,'2026-01-10','A'),
(24,'2026-01-01','P'),
(24,'2026-01-02','P'),
(24,'2026-01-03','P'),
(24,'2026-01-04','P'),
(24,'2026-01-05','A'),
(24,'2026-01-06','P'),
(24,'2026-01-07','P'),
(24,'2026-01-08','P'),
(24,'2026-01-09','P'),
(24,'2026-01-10','A'),
(25,'2026-01-01','P'),
(25,'2026-01-02','P'),
(25,'2026-01-03','P'),
(25,'2026-01-04','P'),
(25,'2026-01-05','A'),
(25,'2026-01-06','P'),
(25,'2026-01-07','P'),
(25,'2026-01-08','P'),
(25,'2026-01-09','P'),
(25,'2026-01-10','A'),
(26,'2026-01-01','P'),
(26,'2026-01-02','P'),
(26,'2026-01-03','P'),
(26,'2026-01-04','P'),
(26,'2026-01-05','A'),
(26,'2026-01-06','P'),
(26,'2026-01-07','P'),
(26,'2026-01-08','P'),
(26,'2026-01-09','P'),
(26,'2026-01-10','A'),
(27,'2026-01-01','P'),
(27,'2026-01-02','P'),
(27,'2026-01-03','P'),
(27,'2026-01-04','P'),
(27,'2026-01-05','A'),
(27,'2026-01-06','P'),
(27,'2026-01-07','P'),
(27,'2026-01-08','P'),
(27,'2026-01-09','P'),
(27,'2026-01-10','A'),
(28,'2026-01-01','P'),
(28,'2026-01-02','P'),
(28,'2026-01-03','P'),
(28,'2026-01-04','P'),
(28,'2026-01-05','A'),
(28,'2026-01-06','P'),
(28,'2026-01-07','P'),
(28,'2026-01-08','P'),
(28,'2026-01-09','P'),
(28,'2026-01-10','A'),
(29,'2026-01-01','P'),
(29,'2026-01-02','P'),
(29,'2026-01-03','P'),
(29,'2026-01-04','P'),
(29,'2026-01-05','A'),
(29,'2026-01-06','P'),
(29,'2026-01-07','P'),
(29,'2026-01-08','P'),
(29,'2026-01-09','P'),
(29,'2026-01-10','A'),
(30,'2026-01-01','P'),
(30,'2026-01-02','P'),
(30,'2026-01-03','P'),
(30,'2026-01-04','P'),
(30,'2026-01-05','A'),
(30,'2026-01-06','P'),
(30,'2026-01-07','P'),
(30,'2026-01-08','P'),
(30,'2026-01-09','P'),
(30,'2026-01-10','A'),
(31,'2026-01-01','P'),
(31,'2026-01-02','P'),
(31,'2026-01-03','P'),
(31,'2026-01-04','P'),
(31,'2026-01-05','A'),
(31,'2026-01-06','P'),
(31,'2026-01-07','P'),
(31,'2026-01-08','P'),
(31,'2026-01-09','P'),
(31,'2026-01-10','A'),
(32,'2026-01-01','P'),
(32,'2026-01-02','P'),
(32,'2026-01-03','P'),
(32,'2026-01-04','P'),
(32,'2026-01-05','A'),
(32,'2026-01-06','P'),
(32,'2026-01-07','P'),
(32,'2026-01-08','P'),
(32,'2026-01-09','P'),
(32,'2026-01-10','A'),
(33,'2026-01-01','P'),
(33,'2026-01-02','P'),
(33,'2026-01-03','P'),
(33,'2026-01-04','P'),
(33,'2026-01-05','A'),
(33,'2026-01-06','P'),
(33,'2026-01-07','P'),
(33,'2026-01-08','P'),
(33,'2026-01-09','P'),
(33,'2026-01-10','A'),
(34,'2026-01-01','P'),
(34,'2026-01-02','P'),
(34,'2026-01-03','P'),
(34,'2026-01-04','P'),
(34,'2026-01-05','A'),
(34,'2026-01-06','P'),
(34,'2026-01-07','P'),
(34,'2026-01-08','P'),
(34,'2026-01-09','P'),
(34,'2026-01-10','A'),
(35,'2026-01-01','P'),
(35,'2026-01-02','P'),
(35,'2026-01-03','P'),
(35,'2026-01-04','P'),
(35,'2026-01-05','A'),
(35,'2026-01-06','P'),
(35,'2026-01-07','P'),
(35,'2026-01-08','P'),
(35,'2026-01-09','P'),
(35,'2026-01-10','A'),
(36,'2026-01-01','P'),
(36,'2026-01-02','P'),
(36,'2026-01-03','P'),
(36,'2026-01-04','P'),
(36,'2026-01-05','A'),
(36,'2026-01-06','P'),
(36,'2026-01-07','P'),
(36,'2026-01-08','P'),
(36,'2026-01-09','P'),
(36,'2026-01-10','A'),
(37,'2026-01-01','P'),
(37,'2026-01-02','P'),
(37,'2026-01-03','P'),
(37,'2026-01-04','P'),
(37,'2026-01-05','A'),
(37,'2026-01-06','P'),
(37,'2026-01-07','P'),
(37,'2026-01-08','P'),
(37,'2026-01-09','P'),
(37,'2026-01-10','A'),
(38,'2026-01-01','P'),
(38,'2026-01-02','P'),
(38,'2026-01-03','P'),
(38,'2026-01-04','P'),
(38,'2026-01-05','A'),
(38,'2026-01-06','P'),
(38,'2026-01-07','P'),
(38,'2026-01-08','P'),
(38,'2026-01-09','P'),
(38,'2026-01-10','A'),
(39,'2026-01-01','P'),
(39,'2026-01-02','P'),
(39,'2026-01-03','P'),
(39,'2026-01-04','P'),
(39,'2026-01-05','A'),
(39,'2026-01-06','P'),
(39,'2026-01-07','P'),
(39,'2026-01-08','P'),
(39,'2026-01-09','P'),
(39,'2026-01-10','A'),
(40,'2026-01-01','P'),
(40,'2026-01-02','P'),
(40,'2026-01-03','P'),
(40,'2026-01-04','P'),
(40,'2026-01-05','A'),
(40,'2026-01-06','P'),
(40,'2026-01-07','P'),
(40,'2026-01-08','P'),
(40,'2026-01-09','P'),
(40,'2026-01-10','A'),
(41,'2026-01-01','P'),
(41,'2026-01-02','P'),
(41,'2026-01-03','P'),
(41,'2026-01-04','P'),
(41,'2026-01-05','A'),
(41,'2026-01-06','P'),
(41,'2026-01-07','P'),
(41,'2026-01-08','P'),
(41,'2026-01-09','P'),
(41,'2026-01-10','A'),
(42,'2026-01-01','P'),
(42,'2026-01-02','P'),
(42,'2026-01-03','P'),
(42,'2026-01-04','P'),
(42,'2026-01-05','A'),
(42,'2026-01-06','P'),
(42,'2026-01-07','P'),
(42,'2026-01-08','P'),
(42,'2026-01-09','P'),
(42,'2026-01-10','A'),
(43,'2026-01-01','P'),
(43,'2026-01-02','P'),
(43,'2026-01-03','P'),
(43,'2026-01-04','P'),
(43,'2026-01-05','A'),
(43,'2026-01-06','P'),
(43,'2026-01-07','P'),
(43,'2026-01-08','P'),
(43,'2026-01-09','P'),
(43,'2026-01-10','A'),
(44,'2026-01-01','P'),
(44,'2026-01-02','P'),
(44,'2026-01-03','P'),
(44,'2026-01-04','P'),
(44,'2026-01-05','A'),
(44,'2026-01-06','P'),
(44,'2026-01-07','P'),
(44,'2026-01-08','P'),
(44,'2026-01-09','P'),
(44,'2026-01-10','A'),
(45,'2026-01-01','P'),
(45,'2026-01-02','P'),
(45,'2026-01-03','P'),
(45,'2026-01-04','P'),
(45,'2026-01-05','A'),
(45,'2026-01-06','P'),
(45,'2026-01-07','P'),
(45,'2026-01-08','P'),
(45,'2026-01-09','P'),
(45,'2026-01-10','A'),
(46,'2026-01-01','P'),
(46,'2026-01-02','P'),
(46,'2026-01-03','P'),
(46,'2026-01-04','P'),
(46,'2026-01-05','A'),
(46,'2026-01-06','P'),
(46,'2026-01-07','P'),
(46,'2026-01-08','P'),
(46,'2026-01-09','P'),
(46,'2026-01-10','A'),
(47,'2026-01-01','P'),
(47,'2026-01-02','P'),
(47,'2026-01-03','P'),
(47,'2026-01-04','P'),
(47,'2026-01-05','A'),
(47,'2026-01-06','P'),
(47,'2026-01-07','P'),
(47,'2026-01-08','P'),
(47,'2026-01-09','P'),
(47,'2026-01-10','A'),
(48,'2026-01-01','P'),
(48,'2026-01-02','P'),
(48,'2026-01-03','P'),
(48,'2026-01-04','P'),
(48,'2026-01-05','A'),
(48,'2026-01-06','P'),
(48,'2026-01-07','P'),
(48,'2026-01-08','P'),
(48,'2026-01-09','P'),
(48,'2026-01-10','A');

INSERT INTO Results VALUES
(1,1,1,62,'C'),
(2,1,2,63,'C'),
(3,1,3,64,'C'),
(4,1,4,65,'C'),
(5,1,5,66,'C'),
(6,1,6,67,'C'),
(7,1,7,68,'C'),
(8,1,8,69,'C'),
(9,1,9,70,'B'),
(10,1,10,71,'B'),
(11,1,11,72,'B'),
(12,1,12,73,'B'),
(13,2,1,63,'C'),
(14,2,2,64,'C'),
(15,2,3,65,'C'),
(16,2,4,66,'C'),
(17,2,5,67,'C'),
(18,2,6,68,'C'),
(19,2,7,69,'C'),
(20,2,8,70,'B'),
(21,2,9,71,'B'),
(22,2,10,72,'B'),
(23,2,11,73,'B'),
(24,2,12,74,'B'),
(25,3,1,64,'C'),
(26,3,2,65,'C'),
(27,3,3,66,'C'),
(28,3,4,67,'C'),
(29,3,5,68,'C'),
(30,3,6,69,'C'),
(31,3,7,70,'B'),
(32,3,8,71,'B'),
(33,3,9,72,'B'),
(34,3,10,73,'B'),
(35,3,11,74,'B'),
(36,3,12,75,'B'),
(37,4,1,65,'C'),
(38,4,2,66,'C'),
(39,4,3,67,'C'),
(40,4,4,68,'C'),
(41,4,5,69,'C'),
(42,4,6,70,'B'),
(43,4,7,71,'B'),
(44,4,8,72,'B'),
(45,4,9,73,'B'),
(46,4,10,74,'B'),
(47,4,11,75,'B'),
(48,4,12,76,'B'),
(49,5,1,66,'C'),
(50,5,2,67,'C'),
(51,5,3,68,'C'),
(52,5,4,69,'C'),
(53,5,5,70,'B'),
(54,5,6,71,'B'),
(55,5,7,72,'B'),
(56,5,8,73,'B'),
(57,5,9,74,'B'),
(58,5,10,75,'B'),
(59,5,11,76,'B'),
(60,5,12,77,'B'),
(61,6,1,67,'C'),
(62,6,2,68,'C'),
(63,6,3,69,'C'),
(64,6,4,70,'B'),
(65,6,5,71,'B'),
(66,6,6,72,'B'),
(67,6,7,73,'B'),
(68,6,8,74,'B'),
(69,6,9,75,'B'),
(70,6,10,76,'B'),
(71,6,11,77,'B'),
(72,6,12,78,'B'),
(73,7,1,68,'C'),
(74,7,2,69,'C'),
(75,7,3,70,'B'),
(76,7,4,71,'B'),
(77,7,5,72,'B'),
(78,7,6,73,'B'),
(79,7,7,74,'B'),
(80,7,8,75,'B'),
(81,7,9,76,'B'),
(82,7,10,77,'B'),
(83,7,11,78,'B'),
(84,7,12,79,'B'),
(85,8,1,69,'C'),
(86,8,2,70,'B'),
(87,8,3,71,'B'),
(88,8,4,72,'B'),
(89,8,5,73,'B'),
(90,8,6,74,'B'),
(91,8,7,75,'B'),
(92,8,8,76,'B'),
(93,8,9,77,'B'),
(94,8,10,78,'B'),
(95,8,11,79,'B'),
(96,8,12,80,'B'),
(97,9,1,70,'B'),
(98,9,2,71,'B'),
(99,9,3,72,'B'),
(100,9,4,73,'B'),
(101,9,5,74,'B'),
(102,9,6,75,'B'),
(103,9,7,76,'B'),
(104,9,8,77,'B'),
(105,9,9,78,'B'),
(106,9,10,79,'B'),
(107,9,11,80,'B'),
(108,9,12,81,'B'),
(109,10,1,71,'B'),
(110,10,2,72,'B'),
(111,10,3,73,'B'),
(112,10,4,74,'B'),
(113,10,5,75,'B'),
(114,10,6,76,'B'),
(115,10,7,77,'B'),
(116,10,8,78,'B'),
(117,10,9,79,'B'),
(118,10,10,80,'B'),
(119,10,11,81,'B'),
(120,10,12,82,'B'),
(121,11,1,72,'B'),
(122,11,2,73,'B'),
(123,11,3,74,'B'),
(124,11,4,75,'B'),
(125,11,5,76,'B'),
(126,11,6,77,'B'),
(127,11,7,78,'B'),
(128,11,8,79,'B'),
(129,11,9,80,'B'),
(130,11,10,81,'B'),
(131,11,11,82,'B'),
(132,11,12,83,'B'),
(133,12,1,73,'B'),
(134,12,2,74,'B'),
(135,12,3,75,'B'),
(136,12,4,76,'B'),
(137,12,5,77,'B'),
(138,12,6,78,'B'),
(139,12,7,79,'B'),
(140,12,8,80,'B'),
(141,12,9,81,'B'),
(142,12,10,82,'B'),
(143,12,11,83,'B'),
(144,12,12,84,'B'),
(145,13,1,74,'B'),
(146,13,2,75,'B'),
(147,13,3,76,'B'),
(148,13,4,77,'B'),
(149,13,5,78,'B'),
(150,13,6,79,'B'),
(151,13,7,80,'B'),
(152,13,8,81,'B'),
(153,13,9,82,'B'),
(154,13,10,83,'B'),
(155,13,11,84,'B'),
(156,13,12,85,'A'),
(157,14,1,75,'B'),
(158,14,2,76,'B'),
(159,14,3,77,'B'),
(160,14,4,78,'B'),
(161,14,5,79,'B'),
(162,14,6,80,'B'),
(163,14,7,81,'B'),
(164,14,8,82,'B'),
(165,14,9,83,'B'),
(166,14,10,84,'B'),
(167,14,11,85,'A'),
(168,14,12,86,'A'),
(169,15,1,76,'B'),
(170,15,2,77,'B'),
(171,15,3,78,'B'),
(172,15,4,79,'B'),
(173,15,5,80,'B'),
(174,15,6,81,'B'),
(175,15,7,82,'B'),
(176,15,8,83,'B'),
(177,15,9,84,'B'),
(178,15,10,85,'A'),
(179,15,11,86,'A'),
(180,15,12,87,'A'),
(181,16,1,77,'B'),
(182,16,2,78,'B'),
(183,16,3,79,'B'),
(184,16,4,80,'B'),
(185,16,5,81,'B'),
(186,16,6,82,'B'),
(187,16,7,83,'B'),
(188,16,8,84,'B'),
(189,16,9,85,'A'),
(190,16,10,86,'A'),
(191,16,11,87,'A'),
(192,16,12,88,'A'),
(193,17,1,78,'B'),
(194,17,2,79,'B'),
(195,17,3,80,'B'),
(196,17,4,81,'B'),
(197,17,5,82,'B'),
(198,17,6,83,'B'),
(199,17,7,84,'B'),
(200,17,8,85,'A'),
(201,17,9,86,'A'),
(202,17,10,87,'A'),
(203,17,11,88,'A'),
(204,17,12,89,'A'),
(205,18,1,79,'B'),
(206,18,2,80,'B'),
(207,18,3,81,'B'),
(208,18,4,82,'B'),
(209,18,5,83,'B'),
(210,18,6,84,'B'),
(211,18,7,85,'A'),
(212,18,8,86,'A'),
(213,18,9,87,'A'),
(214,18,10,88,'A'),
(215,18,11,89,'A'),
(216,18,12,90,'A'),
(217,19,1,80,'B'),
(218,19,2,81,'B'),
(219,19,3,82,'B'),
(220,19,4,83,'B'),
(221,19,5,84,'B'),
(222,19,6,85,'A'),
(223,19,7,86,'A'),
(224,19,8,87,'A'),
(225,19,9,88,'A'),
(226,19,10,89,'A'),
(227,19,11,90,'A'),
(228,19,12,91,'A'),
(229,20,1,81,'B'),
(230,20,2,82,'B'),
(231,20,3,83,'B'),
(232,20,4,84,'B'),
(233,20,5,85,'A'),
(234,20,6,86,'A'),
(235,20,7,87,'A'),
(236,20,8,88,'A'),
(237,20,9,89,'A'),
(238,20,10,90,'A'),
(239,20,11,91,'A'),
(240,20,12,92,'A'),
(241,21,1,82,'B'),
(242,21,2,83,'B'),
(243,21,3,84,'B'),
(244,21,4,85,'A'),
(245,21,5,86,'A'),
(246,21,6,87,'A'),
(247,21,7,88,'A'),
(248,21,8,89,'A'),
(249,21,9,90,'A'),
(250,21,10,91,'A'),
(251,21,11,92,'A'),
(252,21,12,93,'A'),
(253,22,1,83,'B'),
(254,22,2,84,'B'),
(255,22,3,85,'A'),
(256,22,4,86,'A'),
(257,22,5,87,'A'),
(258,22,6,88,'A'),
(259,22,7,89,'A'),
(260,22,8,90,'A'),
(261,22,9,91,'A'),
(262,22,10,92,'A'),
(263,22,11,93,'A'),
(264,22,12,94,'A'),
(265,23,1,84,'B'),
(266,23,2,85,'A'),
(267,23,3,86,'A'),
(268,23,4,87,'A'),
(269,23,5,88,'A'),
(270,23,6,89,'A'),
(271,23,7,90,'A'),
(272,23,8,91,'A'),
(273,23,9,92,'A'),
(274,23,10,93,'A'),
(275,23,11,94,'A'),
(276,23,12,95,'A'),
(277,24,1,85,'A'),
(278,24,2,86,'A'),
(279,24,3,87,'A'),
(280,24,4,88,'A'),
(281,24,5,89,'A'),
(282,24,6,90,'A'),
(283,24,7,91,'A'),
(284,24,8,92,'A'),
(285,24,9,93,'A'),
(286,24,10,94,'A'),
(287,24,11,95,'A'),
(288,24,12,96,'A'),
(289,25,1,86,'A'),
(290,25,2,87,'A'),
(291,25,3,88,'A'),
(292,25,4,89,'A'),
(293,25,5,90,'A'),
(294,25,6,91,'A'),
(295,25,7,92,'A'),
(296,25,8,93,'A'),
(297,25,9,94,'A'),
(298,25,10,95,'A'),
(299,25,11,96,'A'),
(300,25,12,97,'A'),
(301,26,1,87,'A'),
(302,26,2,88,'A'),
(303,26,3,89,'A'),
(304,26,4,90,'A'),
(305,26,5,91,'A'),
(306,26,6,92,'A'),
(307,26,7,93,'A'),
(308,26,8,94,'A'),
(309,26,9,95,'A'),
(310,26,10,96,'A'),
(311,26,11,97,'A'),
(312,26,12,98,'A'),
(313,27,1,88,'A'),
(314,27,2,89,'A'),
(315,27,3,90,'A'),
(316,27,4,91,'A'),
(317,27,5,92,'A'),
(318,27,6,93,'A'),
(319,27,7,94,'A'),
(320,27,8,95,'A'),
(321,27,9,96,'A'),
(322,27,10,97,'A'),
(323,27,11,98,'A'),
(324,27,12,99,'A'),
(325,28,1,89,'A'),
(326,28,2,90,'A'),
(327,28,3,91,'A'),
(328,28,4,92,'A'),
(329,28,5,93,'A'),
(330,28,6,94,'A'),
(331,28,7,95,'A'),
(332,28,8,96,'A'),
(333,28,9,97,'A'),
(334,28,10,98,'A'),
(335,28,11,99,'A'),
(336,28,12,100,'A'),
(337,29,1,90,'A'),
(338,29,2,91,'A'),
(339,29,3,92,'A'),
(340,29,4,93,'A'),
(341,29,5,94,'A'),
(342,29,6,95,'A'),
(343,29,7,96,'A'),
(344,29,8,97,'A'),
(345,29,9,98,'A'),
(346,29,10,99,'A'),
(347,29,11,100,'A'),
(348,29,12,60,'C'),
(349,30,1,91,'A'),
(350,30,2,92,'A'),
(351,30,3,93,'A'),
(352,30,4,94,'A'),
(353,30,5,95,'A'),
(354,30,6,96,'A'),
(355,30,7,97,'A'),
(356,30,8,98,'A'),
(357,30,9,99,'A'),
(358,30,10,100,'A'),
(359,30,11,60,'C'),
(360,30,12,61,'C'),
(361,31,1,92,'A'),
(362,31,2,93,'A'),
(363,31,3,94,'A'),
(364,31,4,95,'A'),
(365,31,5,96,'A'),
(366,31,6,97,'A'),
(367,31,7,98,'A'),
(368,31,8,99,'A'),
(369,31,9,100,'A'),
(370,31,10,60,'C'),
(371,31,11,61,'C'),
(372,31,12,62,'C'),
(373,32,1,93,'A'),
(374,32,2,94,'A'),
(375,32,3,95,'A'),
(376,32,4,96,'A'),
(377,32,5,97,'A'),
(378,32,6,98,'A'),
(379,32,7,99,'A'),
(380,32,8,100,'A'),
(381,32,9,60,'C'),
(382,32,10,61,'C'),
(383,32,11,62,'C'),
(384,32,12,63,'C'),
(385,33,1,94,'A'),
(386,33,2,95,'A'),
(387,33,3,96,'A'),
(388,33,4,97,'A'),
(389,33,5,98,'A'),
(390,33,6,99,'A'),
(391,33,7,100,'A'),
(392,33,8,60,'C'),
(393,33,9,61,'C'),
(394,33,10,62,'C'),
(395,33,11,63,'C'),
(396,33,12,64,'C'),
(397,34,1,95,'A'),
(398,34,2,96,'A'),
(399,34,3,97,'A'),
(400,34,4,98,'A'),
(401,34,5,99,'A'),
(402,34,6,100,'A'),
(403,34,7,60,'C'),
(404,34,8,61,'C'),
(405,34,9,62,'C'),
(406,34,10,63,'C'),
(407,34,11,64,'C'),
(408,34,12,65,'C'),
(409,35,1,96,'A'),
(410,35,2,97,'A'),
(411,35,3,98,'A'),
(412,35,4,99,'A'),
(413,35,5,100,'A'),
(414,35,6,60,'C'),
(415,35,7,61,'C'),
(416,35,8,62,'C'),
(417,35,9,63,'C'),
(418,35,10,64,'C'),
(419,35,11,65,'C'),
(420,35,12,66,'C'),
(421,36,1,97,'A'),
(422,36,2,98,'A'),
(423,36,3,99,'A'),
(424,36,4,100,'A'),
(425,36,5,60,'C'),
(426,36,6,61,'C'),
(427,36,7,62,'C'),
(428,36,8,63,'C'),
(429,36,9,64,'C'),
(430,36,10,65,'C'),
(431,36,11,66,'C'),
(432,36,12,67,'C'),
(433,37,1,98,'A'),
(434,37,2,99,'A'),
(435,37,3,100,'A'),
(436,37,4,60,'C'),
(437,37,5,61,'C'),
(438,37,6,62,'C'),
(439,37,7,63,'C'),
(440,37,8,64,'C'),
(441,37,9,65,'C'),
(442,37,10,66,'C'),
(443,37,11,67,'C'),
(444,37,12,68,'C'),
(445,38,1,99,'A'),
(446,38,2,100,'A'),
(447,38,3,60,'C'),
(448,38,4,61,'C'),
(449,38,5,62,'C'),
(450,38,6,63,'C'),
(451,38,7,64,'C'),
(452,38,8,65,'C'),
(453,38,9,66,'C'),
(454,38,10,67,'C'),
(455,38,11,68,'C'),
(456,38,12,69,'C'),
(457,39,1,100,'A'),
(458,39,2,60,'C'),
(459,39,3,61,'C'),
(460,39,4,62,'C'),
(461,39,5,63,'C'),
(462,39,6,64,'C'),
(463,39,7,65,'C'),
(464,39,8,66,'C'),
(465,39,9,67,'C'),
(466,39,10,68,'C'),
(467,39,11,69,'C'),
(468,39,12,70,'B'),
(469,40,1,60,'C'),
(470,40,2,61,'C'),
(471,40,3,62,'C'),
(472,40,4,63,'C'),
(473,40,5,64,'C'),
(474,40,6,65,'C'),
(475,40,7,66,'C'),
(476,40,8,67,'C'),
(477,40,9,68,'C'),
(478,40,10,69,'C'),
(479,40,11,70,'B'),
(480,40,12,71,'B'),
(481,41,1,61,'C'),
(482,41,2,62,'C'),
(483,41,3,63,'C'),
(484,41,4,64,'C'),
(485,41,5,65,'C'),
(486,41,6,66,'C'),
(487,41,7,67,'C'),
(488,41,8,68,'C'),
(489,41,9,69,'C'),
(490,41,10,70,'B'),
(491,41,11,71,'B'),
(492,41,12,72,'B'),
(493,42,1,62,'C'),
(494,42,2,63,'C'),
(495,42,3,64,'C'),
(496,42,4,65,'C'),
(497,42,5,66,'C'),
(498,42,6,67,'C'),
(499,42,7,68,'C'),
(500,42,8,69,'C'),
(501,42,9,70,'B'),
(502,42,10,71,'B'),
(503,42,11,72,'B'),
(504,42,12,73,'B'),
(505,43,1,63,'C'),
(506,43,2,64,'C'),
(507,43,3,65,'C'),
(508,43,4,66,'C'),
(509,43,5,67,'C'),
(510,43,6,68,'C'),
(511,43,7,69,'C'),
(512,43,8,70,'B'),
(513,43,9,71,'B'),
(514,43,10,72,'B'),
(515,43,11,73,'B'),
(516,43,12,74,'B'),
(517,44,1,64,'C'),
(518,44,2,65,'C'),
(519,44,3,66,'C'),
(520,44,4,67,'C'),
(521,44,5,68,'C'),
(522,44,6,69,'C'),
(523,44,7,70,'B'),
(524,44,8,71,'B'),
(525,44,9,72,'B'),
(526,44,10,73,'B'),
(527,44,11,74,'B'),
(528,44,12,75,'B'),
(529,45,1,65,'C'),
(530,45,2,66,'C'),
(531,45,3,67,'C'),
(532,45,4,68,'C'),
(533,45,5,69,'C'),
(534,45,6,70,'B'),
(535,45,7,71,'B'),
(536,45,8,72,'B'),
(537,45,9,73,'B'),
(538,45,10,74,'B'),
(539,45,11,75,'B'),
(540,45,12,76,'B'),
(541,46,1,66,'C'),
(542,46,2,67,'C'),
(543,46,3,68,'C'),
(544,46,4,69,'C'),
(545,46,5,70,'B'),
(546,46,6,71,'B'),
(547,46,7,72,'B'),
(548,46,8,73,'B'),
(549,46,9,74,'B'),
(550,46,10,75,'B'),
(551,46,11,76,'B'),
(552,46,12,77,'B'),
(553,47,1,67,'C'),
(554,47,2,68,'C'),
(555,47,3,69,'C'),
(556,47,4,70,'B'),
(557,47,5,71,'B'),
(558,47,6,72,'B'),
(559,47,7,73,'B'),
(560,47,8,74,'B'),
(561,47,9,75,'B'),
(562,47,10,76,'B'),
(563,47,11,77,'B'),
(564,47,12,78,'B'),
(565,48,1,68,'C'),
(566,48,2,69,'C'),
(567,48,3,70,'B'),
(568,48,4,71,'B'),
(569,48,5,72,'B'),
(570,48,6,73,'B'),
(571,48,7,74,'B'),
(572,48,8,75,'B'),
(573,48,9,76,'B'),
(574,48,10,77,'B'),
(575,48,11,78,'B'),
(576,48,12,79,'B');
